{
    "note": "Hello! If you change this file manually, please be sure to restart your changedetection.io instance!",
    "watching": {
        "b4a8b52d-651b-44bc-bbc6-f9e8c6590103": {
            "body": "",
            "browser_steps": [],
            "browser_steps_last_error_step": null,
            "check_unique_lines": false,
            "check_count": 3,
            "date_created": 1725046948,
            "consecutive_filter_failures": 0,
            "extract_text": [],
            "extract_title_as_title": false,
            "fetch_backend": "system",
            "fetch_time": 0.297,
            "processor": "text_json_diff",
            "filter_failure_notification_send": true,
            "filter_text_added": true,
            "filter_text_replaced": true,
            "filter_text_removed": true,
            "has_ldjson_price_data": false,
            "track_ldjson_price_data": null,
            "headers": {},
            "ignore_text": [],
            "in_stock": null,
            "in_stock_only": false,
            "include_filters": [],
            "last_checked": 1725047239,
            "last_error": false,
            "last_viewed": 0,
            "method": "GET",
            "notification_alert_count": 0,
            "notification_body": "",
            "notification_format": "System default",
            "notification_muted": false,
            "notification_title": "",
            "notification_screenshot": false,
            "notification_urls": [],
            "paused": false,
            "previous_md5": "f04f0732f120c0cc84a993ad99decb2c",
            "previous_md5_before_filters": "647f025deabd35730320e9ac76447cd4",
            "proxy": null,
            "remote_server_reply": "",
            "sort_text_alphabetically": false,
            "subtractive_selectors": [],
            "tag": "",
            "tags": [
                "b0d3330f-11b4-4824-9aa7-d315daa463a2"
            ],
            "text_should_not_be_present": [],
            "time_between_check": {
                "weeks": null,
                "days": null,
                "hours": null,
                "minutes": null,
                "seconds": null
            },
            "title": "Prestashop Parameters",
            "trigger_text": [],
            "url": "https://gitea/james/prestashop/src/branch/main/app/config/parameters.php",
            "uuid": "b4a8b52d-651b-44bc-bbc6-f9e8c6590103",
            "webdriver_delay": null,
            "webdriver_js_execute_code": "",
            "ignore_status_codes": false,
            "save_button": true,
            "last_notification_error": false,
            "content_type": "text/html; charset=utf-8",
            "last_check_status": 200
        }
    },
    "settings": {
        "headers": {},
        "requests": {
            "extra_proxies": [
                {
                    "proxy_name": "",
                    "proxy_url": ""
                },
                {
                    "proxy_name": "",
                    "proxy_url": ""
                },
                {
                    "proxy_name": "",
                    "proxy_url": ""
                },
                {
                    "proxy_name": "",
                    "proxy_url": ""
                },
                {
                    "proxy_name": "",
                    "proxy_url": ""
                }
            ],
            "extra_browsers": [
                {
                    "browser_name": "",
                    "browser_connection_url": ""
                },
                {
                    "browser_name": "",
                    "browser_connection_url": ""
                },
                {
                    "browser_name": "",
                    "browser_connection_url": ""
                },
                {
                    "browser_name": "",
                    "browser_connection_url": ""
                },
                {
                    "browser_name": "",
                    "browser_connection_url": ""
                }
            ],
            "jitter_seconds": 0,
            "proxy": null,
            "time_between_check": {
                "weeks": null,
                "days": null,
                "hours": 3,
                "minutes": null,
                "seconds": null
            },
            "timeout": 45,
            "workers": 10
        },
        "application": {
            "api_access_token_enabled": true,
            "base_url": "",
            "empty_pages_are_a_change": false,
            "extract_title_as_title": false,
            "fetch_backend": "html_requests",
            "filter_failure_notification_threshold_attempts": 6,
            "global_ignore_text": [],
            "global_subtractive_selectors": [],
            "ignore_whitespace": true,
            "notification_body": "{{watch_url}} had a change.\r\n---\r\n{{diff}}\r\n---",
            "notification_format": "Text",
            "notification_title": "ChangeDetection.io Notification - {{watch_url}}",
            "notification_urls": [],
            "pager_size": 50,
            "password": false,
            "render_anchor_tag_content": false,
            "schema_version": 14,
            "shared_diff_access": false,
            "webdriver_delay": null,
            "tags": {
                "492d59ab-d10d-4588-a9ee-b3a2b1cd14df": {
                    "body": null,
                    "browser_steps": [],
                    "browser_steps_last_error_step": null,
                    "check_unique_lines": false,
                    "check_count": 0,
                    "date_created": 1716500860,
                    "consecutive_filter_failures": 0,
                    "extract_text": [],
                    "extract_title_as_title": false,
                    "fetch_backend": "system",
                    "fetch_time": 0.0,
                    "processor": "text_json_diff",
                    "filter_failure_notification_send": true,
                    "filter_text_added": true,
                    "filter_text_replaced": true,
                    "filter_text_removed": true,
                    "has_ldjson_price_data": null,
                    "track_ldjson_price_data": null,
                    "headers": {},
                    "ignore_text": [],
                    "in_stock": null,
                    "in_stock_only": true,
                    "include_filters": [],
                    "last_checked": 0,
                    "last_error": false,
                    "last_viewed": 0,
                    "method": "GET",
                    "notification_alert_count": 0,
                    "notification_body": null,
                    "notification_format": "System default",
                    "notification_muted": false,
                    "notification_title": null,
                    "notification_screenshot": false,
                    "notification_urls": [],
                    "paused": false,
                    "previous_md5": false,
                    "previous_md5_before_filters": false,
                    "proxy": null,
                    "remote_server_reply": null,
                    "sort_text_alphabetically": false,
                    "subtractive_selectors": [],
                    "tag": "",
                    "tags": [],
                    "text_should_not_be_present": [],
                    "time_between_check": {
                        "weeks": null,
                        "days": null,
                        "hours": null,
                        "minutes": null,
                        "seconds": null
                    },
                    "title": "Tech news",
                    "trigger_text": [],
                    "url": "",
                    "uuid": "492d59ab-d10d-4588-a9ee-b3a2b1cd14df",
                    "webdriver_delay": null,
                    "webdriver_js_execute_code": null
                },
                "6d268c44-da15-42eb-952f-4133498e3f55": {
                    "body": null,
                    "browser_steps": [],
                    "browser_steps_last_error_step": null,
                    "check_unique_lines": false,
                    "check_count": 0,
                    "date_created": 1716500860,
                    "consecutive_filter_failures": 0,
                    "extract_text": [],
                    "extract_title_as_title": false,
                    "fetch_backend": "system",
                    "fetch_time": 0.0,
                    "processor": "text_json_diff",
                    "filter_failure_notification_send": true,
                    "filter_text_added": true,
                    "filter_text_replaced": true,
                    "filter_text_removed": true,
                    "has_ldjson_price_data": null,
                    "track_ldjson_price_data": null,
                    "headers": {},
                    "ignore_text": [],
                    "in_stock": null,
                    "in_stock_only": true,
                    "include_filters": [],
                    "last_checked": 0,
                    "last_error": false,
                    "last_viewed": 0,
                    "method": "GET",
                    "notification_alert_count": 0,
                    "notification_body": null,
                    "notification_format": "System default",
                    "notification_muted": false,
                    "notification_title": null,
                    "notification_screenshot": false,
                    "notification_urls": [],
                    "paused": false,
                    "previous_md5": false,
                    "previous_md5_before_filters": false,
                    "proxy": null,
                    "remote_server_reply": null,
                    "sort_text_alphabetically": false,
                    "subtractive_selectors": [],
                    "tag": "",
                    "tags": [],
                    "text_should_not_be_present": [],
                    "time_between_check": {
                        "weeks": null,
                        "days": null,
                        "hours": null,
                        "minutes": null,
                        "seconds": null
                    },
                    "title": "changedetection.io",
                    "trigger_text": [],
                    "url": "",
                    "uuid": "6d268c44-da15-42eb-952f-4133498e3f55",
                    "webdriver_delay": null,
                    "webdriver_js_execute_code": null
                },
                "b0d3330f-11b4-4824-9aa7-d315daa463a2": {
                    "body": null,
                    "browser_steps": [],
                    "browser_steps_last_error_step": null,
                    "check_unique_lines": false,
                    "check_count": 0,
                    "date_created": 1725047152,
                    "consecutive_filter_failures": 0,
                    "extract_text": [],
                    "extract_title_as_title": false,
                    "fetch_backend": "system",
                    "fetch_time": 0.0,
                    "processor": "text_json_diff",
                    "filter_failure_notification_send": true,
                    "filter_text_added": true,
                    "filter_text_replaced": true,
                    "filter_text_removed": true,
                    "has_ldjson_price_data": null,
                    "track_ldjson_price_data": null,
                    "headers": {},
                    "ignore_text": [],
                    "in_stock": null,
                    "in_stock_only": true,
                    "include_filters": [],
                    "last_checked": 0,
                    "last_error": false,
                    "last_viewed": 0,
                    "method": "GET",
                    "notification_alert_count": 0,
                    "notification_body": null,
                    "notification_format": "System default",
                    "notification_muted": false,
                    "notification_title": null,
                    "notification_screenshot": false,
                    "notification_urls": [],
                    "paused": false,
                    "previous_md5": false,
                    "previous_md5_before_filters": false,
                    "proxy": null,
                    "remote_server_reply": null,
                    "sort_text_alphabetically": false,
                    "subtractive_selectors": [],
                    "tag": "",
                    "tags": [],
                    "text_should_not_be_present": [],
                    "time_between_check": {
                        "weeks": null,
                        "days": null,
                        "hours": null,
                        "minutes": null,
                        "seconds": null
                    },
                    "title": "Apps",
                    "trigger_text": [],
                    "url": "",
                    "uuid": "b0d3330f-11b4-4824-9aa7-d315daa463a2",
                    "webdriver_delay": null,
                    "webdriver_js_execute_code": null
                }
            },
            "active_base_url": "(\"Base URL\" not set - see settings - notifications)",
            "rss_access_token": "60d417c0a84402d42243a1bd7a4259ef",
            "api_access_token": "8c4b5fe9d740f31020f70d01f7cb8f15",
            "removepassword_button": false
        }
    },
    "build_sha": "e110b3ee93c6421a5aa6b946f05c4f7d42788f53\n",
    "app_guid": "e89e250f-031c-42e5-93f6-03fe18985dbe",
    "version_tag": "0.45.20"
}
